scope	model	layer_index	rank	c2_var_ratio_threshold	c2_var_excess_floor	c3_v2_drop_fraction	pass_rate	n
by_model_layer_rank	EleutherAI/pythia-14m-deduped	2	4	2.5	0.03	0.2	1.0	1
by_model_layer_rank	EleutherAI/pythia-14m-deduped	2	8	2.5	0.03	0.2	0.0	1
by_model_layer_rank	EleutherAI/pythia-14m-deduped	2	16	2.5	0.03	0.2	0.0	1
by_model_layer_rank	EleutherAI/pythia-14m-deduped	4	4	2.5	0.03	0.2	0.0	1
by_model_layer_rank	EleutherAI/pythia-14m-deduped	4	8	2.5	0.03	0.2	0.0	1
by_model_layer_rank	EleutherAI/pythia-14m-deduped	4	16	2.5	0.03	0.2	0.0	1
by_model_layer_rank	EleutherAI/pythia-160m-deduped	3	8	2.5	0.03	0.2	1.0	23
by_model_layer_rank	EleutherAI/pythia-160m-deduped	3	16	2.5	0.03	0.2	1.0	23
by_model_layer_rank	EleutherAI/pythia-160m-deduped	3	32	2.5	0.03	0.2	0.4782608695652174	23
by_model_layer_rank	EleutherAI/pythia-160m-deduped	4	8	2.5	0.03	0.2	1.0	23
by_model_layer_rank	EleutherAI/pythia-160m-deduped	4	16	2.5	0.03	0.2	1.0	23
by_model_layer_rank	EleutherAI/pythia-160m-deduped	4	32	2.5	0.03	0.2	0.17391304347826086	23
by_model_layer_rank	EleutherAI/pythia-70m-deduped	4	4	2.5	0.03	0.2	1.0	1
by_model_layer_rank	EleutherAI/pythia-70m-deduped	4	8	2.5	0.03	0.2	1.0	1
by_model_layer_rank	EleutherAI/pythia-70m-deduped	4	16	2.5	0.03	0.2	1.0	1
by_model_layer_rank	EleutherAI/pythia-70m-deduped	4	32	2.5	0.03	0.2	1.0	1
by_model_layer_rank	gpt2	4	4	2.5	0.03	0.2	0.0	1
by_model_layer_rank	gpt2	4	8	2.5	0.03	0.2	1.0	1
by_model_layer_rank	gpt2	4	16	2.5	0.03	0.2	1.0	1
by_model_layer_rank	gpt2	4	32	2.5	0.03	0.2	1.0	1
overall				2.5	0.03	0.2	0.756578947368421	152
by_model_layer_rank	EleutherAI/pythia-14m-deduped	2	4	2.5	0.03	0.25	1.0	1
by_model_layer_rank	EleutherAI/pythia-14m-deduped	2	8	2.5	0.03	0.25	0.0	1
by_model_layer_rank	EleutherAI/pythia-14m-deduped	2	16	2.5	0.03	0.25	0.0	1
by_model_layer_rank	EleutherAI/pythia-14m-deduped	4	4	2.5	0.03	0.25	0.0	1
by_model_layer_rank	EleutherAI/pythia-14m-deduped	4	8	2.5	0.03	0.25	0.0	1
by_model_layer_rank	EleutherAI/pythia-14m-deduped	4	16	2.5	0.03	0.25	0.0	1
by_model_layer_rank	EleutherAI/pythia-160m-deduped	3	8	2.5	0.03	0.25	1.0	23
by_model_layer_rank	EleutherAI/pythia-160m-deduped	3	16	2.5	0.03	0.25	1.0	23
by_model_layer_rank	EleutherAI/pythia-160m-deduped	3	32	2.5	0.03	0.25	0.17391304347826086	23
by_model_layer_rank	EleutherAI/pythia-160m-deduped	4	8	2.5	0.03	0.25	1.0	23
by_model_layer_rank	EleutherAI/pythia-160m-deduped	4	16	2.5	0.03	0.25	1.0	23
by_model_layer_rank	EleutherAI/pythia-160m-deduped	4	32	2.5	0.03	0.25	0.17391304347826086	23
by_model_layer_rank	EleutherAI/pythia-70m-deduped	4	4	2.5	0.03	0.25	1.0	1
by_model_layer_rank	EleutherAI/pythia-70m-deduped	4	8	2.5	0.03	0.25	1.0	1
by_model_layer_rank	EleutherAI/pythia-70m-deduped	4	16	2.5	0.03	0.25	1.0	1
by_model_layer_rank	EleutherAI/pythia-70m-deduped	4	32	2.5	0.03	0.25	1.0	1
by_model_layer_rank	gpt2	4	4	2.5	0.03	0.25	0.0	1
by_model_layer_rank	gpt2	4	8	2.5	0.03	0.25	1.0	1
by_model_layer_rank	gpt2	4	16	2.5	0.03	0.25	1.0	1
by_model_layer_rank	gpt2	4	32	2.5	0.03	0.25	0.0	1
overall				2.5	0.03	0.25	0.7039473684210527	152
by_model_layer_rank	EleutherAI/pythia-14m-deduped	2	4	2.5	0.03	0.3	0.0	1
by_model_layer_rank	EleutherAI/pythia-14m-deduped	2	8	2.5	0.03	0.3	0.0	1
by_model_layer_rank	EleutherAI/pythia-14m-deduped	2	16	2.5	0.03	0.3	0.0	1
by_model_layer_rank	EleutherAI/pythia-14m-deduped	4	4	2.5	0.03	0.3	0.0	1
by_model_layer_rank	EleutherAI/pythia-14m-deduped	4	8	2.5	0.03	0.3	0.0	1
by_model_layer_rank	EleutherAI/pythia-14m-deduped	4	16	2.5	0.03	0.3	0.0	1
by_model_layer_rank	EleutherAI/pythia-160m-deduped	3	8	2.5	0.03	0.3	1.0	23
by_model_layer_rank	EleutherAI/pythia-160m-deduped	3	16	2.5	0.03	0.3	1.0	23
by_model_layer_rank	EleutherAI/pythia-160m-deduped	3	32	2.5	0.03	0.3	0.08695652173913043	23
by_model_layer_rank	EleutherAI/pythia-160m-deduped	4	8	2.5	0.03	0.3	1.0	23
by_model_layer_rank	EleutherAI/pythia-160m-deduped	4	16	2.5	0.03	0.3	1.0	23
by_model_layer_rank	EleutherAI/pythia-160m-deduped	4	32	2.5	0.03	0.3	0.08695652173913043	23
by_model_layer_rank	EleutherAI/pythia-70m-deduped	4	4	2.5	0.03	0.3	1.0	1
by_model_layer_rank	EleutherAI/pythia-70m-deduped	4	8	2.5	0.03	0.3	1.0	1
by_model_layer_rank	EleutherAI/pythia-70m-deduped	4	16	2.5	0.03	0.3	1.0	1
by_model_layer_rank	EleutherAI/pythia-70m-deduped	4	32	2.5	0.03	0.3	1.0	1
by_model_layer_rank	gpt2	4	4	2.5	0.03	0.3	0.0	1
by_model_layer_rank	gpt2	4	8	2.5	0.03	0.3	1.0	1
by_model_layer_rank	gpt2	4	16	2.5	0.03	0.3	1.0	1
by_model_layer_rank	gpt2	4	32	2.5	0.03	0.3	0.0	1
overall				2.5	0.03	0.3	0.6710526315789473	152
by_model_layer_rank	EleutherAI/pythia-14m-deduped	2	4	2.5	0.05	0.2	1.0	1
by_model_layer_rank	EleutherAI/pythia-14m-deduped	2	8	2.5	0.05	0.2	0.0	1
by_model_layer_rank	EleutherAI/pythia-14m-deduped	2	16	2.5	0.05	0.2	0.0	1
by_model_layer_rank	EleutherAI/pythia-14m-deduped	4	4	2.5	0.05	0.2	0.0	1
by_model_layer_rank	EleutherAI/pythia-14m-deduped	4	8	2.5	0.05	0.2	0.0	1
by_model_layer_rank	EleutherAI/pythia-14m-deduped	4	16	2.5	0.05	0.2	0.0	1
by_model_layer_rank	EleutherAI/pythia-160m-deduped	3	8	2.5	0.05	0.2	1.0	23
by_model_layer_rank	EleutherAI/pythia-160m-deduped	3	16	2.5	0.05	0.2	1.0	23
by_model_layer_rank	EleutherAI/pythia-160m-deduped	3	32	2.5	0.05	0.2	0.4782608695652174	23
by_model_layer_rank	EleutherAI/pythia-160m-deduped	4	8	2.5	0.05	0.2	1.0	23
by_model_layer_rank	EleutherAI/pythia-160m-deduped	4	16	2.5	0.05	0.2	1.0	23
by_model_layer_rank	EleutherAI/pythia-160m-deduped	4	32	2.5	0.05	0.2	0.17391304347826086	23
by_model_layer_rank	EleutherAI/pythia-70m-deduped	4	4	2.5	0.05	0.2	1.0	1
by_model_layer_rank	EleutherAI/pythia-70m-deduped	4	8	2.5	0.05	0.2	1.0	1
by_model_layer_rank	EleutherAI/pythia-70m-deduped	4	16	2.5	0.05	0.2	1.0	1
by_model_layer_rank	EleutherAI/pythia-70m-deduped	4	32	2.5	0.05	0.2	1.0	1
by_model_layer_rank	gpt2	4	4	2.5	0.05	0.2	0.0	1
by_model_layer_rank	gpt2	4	8	2.5	0.05	0.2	0.0	1
by_model_layer_rank	gpt2	4	16	2.5	0.05	0.2	1.0	1
by_model_layer_rank	gpt2	4	32	2.5	0.05	0.2	1.0	1
overall				2.5	0.05	0.2	0.75	152
by_model_layer_rank	EleutherAI/pythia-14m-deduped	2	4	2.5	0.05	0.25	1.0	1
by_model_layer_rank	EleutherAI/pythia-14m-deduped	2	8	2.5	0.05	0.25	0.0	1
by_model_layer_rank	EleutherAI/pythia-14m-deduped	2	16	2.5	0.05	0.25	0.0	1
by_model_layer_rank	EleutherAI/pythia-14m-deduped	4	4	2.5	0.05	0.25	0.0	1
by_model_layer_rank	EleutherAI/pythia-14m-deduped	4	8	2.5	0.05	0.25	0.0	1
by_model_layer_rank	EleutherAI/pythia-14m-deduped	4	16	2.5	0.05	0.25	0.0	1
by_model_layer_rank	EleutherAI/pythia-160m-deduped	3	8	2.5	0.05	0.25	1.0	23
by_model_layer_rank	EleutherAI/pythia-160m-deduped	3	16	2.5	0.05	0.25	1.0	23
by_model_layer_rank	EleutherAI/pythia-160m-deduped	3	32	2.5	0.05	0.25	0.17391304347826086	23
by_model_layer_rank	EleutherAI/pythia-160m-deduped	4	8	2.5	0.05	0.25	1.0	23
by_model_layer_rank	EleutherAI/pythia-160m-deduped	4	16	2.5	0.05	0.25	1.0	23
by_model_layer_rank	EleutherAI/pythia-160m-deduped	4	32	2.5	0.05	0.25	0.17391304347826086	23
by_model_layer_rank	EleutherAI/pythia-70m-deduped	4	4	2.5	0.05	0.25	1.0	1
by_model_layer_rank	EleutherAI/pythia-70m-deduped	4	8	2.5	0.05	0.25	1.0	1
by_model_layer_rank	EleutherAI/pythia-70m-deduped	4	16	2.5	0.05	0.25	1.0	1
by_model_layer_rank	EleutherAI/pythia-70m-deduped	4	32	2.5	0.05	0.25	1.0	1
by_model_layer_rank	gpt2	4	4	2.5	0.05	0.25	0.0	1
by_model_layer_rank	gpt2	4	8	2.5	0.05	0.25	0.0	1
by_model_layer_rank	gpt2	4	16	2.5	0.05	0.25	1.0	1
by_model_layer_rank	gpt2	4	32	2.5	0.05	0.25	0.0	1
overall				2.5	0.05	0.25	0.6973684210526315	152
by_model_layer_rank	EleutherAI/pythia-14m-deduped	2	4	2.5	0.05	0.3	0.0	1
by_model_layer_rank	EleutherAI/pythia-14m-deduped	2	8	2.5	0.05	0.3	0.0	1
by_model_layer_rank	EleutherAI/pythia-14m-deduped	2	16	2.5	0.05	0.3	0.0	1
by_model_layer_rank	EleutherAI/pythia-14m-deduped	4	4	2.5	0.05	0.3	0.0	1
by_model_layer_rank	EleutherAI/pythia-14m-deduped	4	8	2.5	0.05	0.3	0.0	1
by_model_layer_rank	EleutherAI/pythia-14m-deduped	4	16	2.5	0.05	0.3	0.0	1
by_model_layer_rank	EleutherAI/pythia-160m-deduped	3	8	2.5	0.05	0.3	1.0	23
by_model_layer_rank	EleutherAI/pythia-160m-deduped	3	16	2.5	0.05	0.3	1.0	23
by_model_layer_rank	EleutherAI/pythia-160m-deduped	3	32	2.5	0.05	0.3	0.08695652173913043	23
by_model_layer_rank	EleutherAI/pythia-160m-deduped	4	8	2.5	0.05	0.3	1.0	23
by_model_layer_rank	EleutherAI/pythia-160m-deduped	4	16	2.5	0.05	0.3	1.0	23
by_model_layer_rank	EleutherAI/pythia-160m-deduped	4	32	2.5	0.05	0.3	0.08695652173913043	23
by_model_layer_rank	EleutherAI/pythia-70m-deduped	4	4	2.5	0.05	0.3	1.0	1
by_model_layer_rank	EleutherAI/pythia-70m-deduped	4	8	2.5	0.05	0.3	1.0	1
by_model_layer_rank	EleutherAI/pythia-70m-deduped	4	16	2.5	0.05	0.3	1.0	1
by_model_layer_rank	EleutherAI/pythia-70m-deduped	4	32	2.5	0.05	0.3	1.0	1
by_model_layer_rank	gpt2	4	4	2.5	0.05	0.3	0.0	1
by_model_layer_rank	gpt2	4	8	2.5	0.05	0.3	0.0	1
by_model_layer_rank	gpt2	4	16	2.5	0.05	0.3	1.0	1
by_model_layer_rank	gpt2	4	32	2.5	0.05	0.3	0.0	1
overall				2.5	0.05	0.3	0.6644736842105263	152
by_model_layer_rank	EleutherAI/pythia-14m-deduped	2	4	2.5	0.07	0.2	0.0	1
by_model_layer_rank	EleutherAI/pythia-14m-deduped	2	8	2.5	0.07	0.2	0.0	1
by_model_layer_rank	EleutherAI/pythia-14m-deduped	2	16	2.5	0.07	0.2	0.0	1
by_model_layer_rank	EleutherAI/pythia-14m-deduped	4	4	2.5	0.07	0.2	0.0	1
by_model_layer_rank	EleutherAI/pythia-14m-deduped	4	8	2.5	0.07	0.2	0.0	1
by_model_layer_rank	EleutherAI/pythia-14m-deduped	4	16	2.5	0.07	0.2	0.0	1
by_model_layer_rank	EleutherAI/pythia-160m-deduped	3	8	2.5	0.07	0.2	1.0	23
by_model_layer_rank	EleutherAI/pythia-160m-deduped	3	16	2.5	0.07	0.2	0.8260869565217391	23
by_model_layer_rank	EleutherAI/pythia-160m-deduped	3	32	2.5	0.07	0.2	0.13043478260869565	23
by_model_layer_rank	EleutherAI/pythia-160m-deduped	4	8	2.5	0.07	0.2	1.0	23
by_model_layer_rank	EleutherAI/pythia-160m-deduped	4	16	2.5	0.07	0.2	0.2608695652173913	23
by_model_layer_rank	EleutherAI/pythia-160m-deduped	4	32	2.5	0.07	0.2	0.0	23
by_model_layer_rank	EleutherAI/pythia-70m-deduped	4	4	2.5	0.07	0.2	1.0	1
by_model_layer_rank	EleutherAI/pythia-70m-deduped	4	8	2.5	0.07	0.2	1.0	1
by_model_layer_rank	EleutherAI/pythia-70m-deduped	4	16	2.5	0.07	0.2	1.0	1
by_model_layer_rank	EleutherAI/pythia-70m-deduped	4	32	2.5	0.07	0.2	1.0	1
by_model_layer_rank	gpt2	4	4	2.5	0.07	0.2	0.0	1
by_model_layer_rank	gpt2	4	8	2.5	0.07	0.2	0.0	1
by_model_layer_rank	gpt2	4	16	2.5	0.07	0.2	1.0	1
by_model_layer_rank	gpt2	4	32	2.5	0.07	0.2	1.0	1
overall				2.5	0.07	0.2	0.5263157894736842	152
by_model_layer_rank	EleutherAI/pythia-14m-deduped	2	4	2.5	0.07	0.25	0.0	1
by_model_layer_rank	EleutherAI/pythia-14m-deduped	2	8	2.5	0.07	0.25	0.0	1
by_model_layer_rank	EleutherAI/pythia-14m-deduped	2	16	2.5	0.07	0.25	0.0	1
by_model_layer_rank	EleutherAI/pythia-14m-deduped	4	4	2.5	0.07	0.25	0.0	1
by_model_layer_rank	EleutherAI/pythia-14m-deduped	4	8	2.5	0.07	0.25	0.0	1
by_model_layer_rank	EleutherAI/pythia-14m-deduped	4	16	2.5	0.07	0.25	0.0	1
by_model_layer_rank	EleutherAI/pythia-160m-deduped	3	8	2.5	0.07	0.25	1.0	23
by_model_layer_rank	EleutherAI/pythia-160m-deduped	3	16	2.5	0.07	0.25	0.8260869565217391	23
by_model_layer_rank	EleutherAI/pythia-160m-deduped	3	32	2.5	0.07	0.25	0.043478260869565216	23
by_model_layer_rank	EleutherAI/pythia-160m-deduped	4	8	2.5	0.07	0.25	1.0	23
by_model_layer_rank	EleutherAI/pythia-160m-deduped	4	16	2.5	0.07	0.25	0.2608695652173913	23
by_model_layer_rank	EleutherAI/pythia-160m-deduped	4	32	2.5	0.07	0.25	0.0	23
by_model_layer_rank	EleutherAI/pythia-70m-deduped	4	4	2.5	0.07	0.25	1.0	1
by_model_layer_rank	EleutherAI/pythia-70m-deduped	4	8	2.5	0.07	0.25	1.0	1
by_model_layer_rank	EleutherAI/pythia-70m-deduped	4	16	2.5	0.07	0.25	1.0	1
by_model_layer_rank	EleutherAI/pythia-70m-deduped	4	32	2.5	0.07	0.25	1.0	1
by_model_layer_rank	gpt2	4	4	2.5	0.07	0.25	0.0	1
by_model_layer_rank	gpt2	4	8	2.5	0.07	0.25	0.0	1
by_model_layer_rank	gpt2	4	16	2.5	0.07	0.25	1.0	1
by_model_layer_rank	gpt2	4	32	2.5	0.07	0.25	0.0	1
overall				2.5	0.07	0.25	0.506578947368421	152
by_model_layer_rank	EleutherAI/pythia-14m-deduped	2	4	2.5	0.07	0.3	0.0	1
by_model_layer_rank	EleutherAI/pythia-14m-deduped	2	8	2.5	0.07	0.3	0.0	1
by_model_layer_rank	EleutherAI/pythia-14m-deduped	2	16	2.5	0.07	0.3	0.0	1
by_model_layer_rank	EleutherAI/pythia-14m-deduped	4	4	2.5	0.07	0.3	0.0	1
by_model_layer_rank	EleutherAI/pythia-14m-deduped	4	8	2.5	0.07	0.3	0.0	1
by_model_layer_rank	EleutherAI/pythia-14m-deduped	4	16	2.5	0.07	0.3	0.0	1
by_model_layer_rank	EleutherAI/pythia-160m-deduped	3	8	2.5	0.07	0.3	1.0	23
by_model_layer_rank	EleutherAI/pythia-160m-deduped	3	16	2.5	0.07	0.3	0.8260869565217391	23
by_model_layer_rank	EleutherAI/pythia-160m-deduped	3	32	2.5	0.07	0.3	0.0	23
by_model_layer_rank	EleutherAI/pythia-160m-deduped	4	8	2.5	0.07	0.3	1.0	23
by_model_layer_rank	EleutherAI/pythia-160m-deduped	4	16	2.5	0.07	0.3	0.2608695652173913	23
by_model_layer_rank	EleutherAI/pythia-160m-deduped	4	32	2.5	0.07	0.3	0.0	23
by_model_layer_rank	EleutherAI/pythia-70m-deduped	4	4	2.5	0.07	0.3	1.0	1
by_model_layer_rank	EleutherAI/pythia-70m-deduped	4	8	2.5	0.07	0.3	1.0	1
by_model_layer_rank	EleutherAI/pythia-70m-deduped	4	16	2.5	0.07	0.3	1.0	1
by_model_layer_rank	EleutherAI/pythia-70m-deduped	4	32	2.5	0.07	0.3	1.0	1
by_model_layer_rank	gpt2	4	4	2.5	0.07	0.3	0.0	1
by_model_layer_rank	gpt2	4	8	2.5	0.07	0.3	0.0	1
by_model_layer_rank	gpt2	4	16	2.5	0.07	0.3	1.0	1
by_model_layer_rank	gpt2	4	32	2.5	0.07	0.3	0.0	1
overall				2.5	0.07	0.3	0.5	152
by_model_layer_rank	EleutherAI/pythia-14m-deduped	2	4	3.0	0.03	0.2	0.0	1
by_model_layer_rank	EleutherAI/pythia-14m-deduped	2	8	3.0	0.03	0.2	0.0	1
by_model_layer_rank	EleutherAI/pythia-14m-deduped	2	16	3.0	0.03	0.2	0.0	1
by_model_layer_rank	EleutherAI/pythia-14m-deduped	4	4	3.0	0.03	0.2	0.0	1
by_model_layer_rank	EleutherAI/pythia-14m-deduped	4	8	3.0	0.03	0.2	0.0	1
by_model_layer_rank	EleutherAI/pythia-14m-deduped	4	16	3.0	0.03	0.2	0.0	1
by_model_layer_rank	EleutherAI/pythia-160m-deduped	3	8	3.0	0.03	0.2	1.0	23
by_model_layer_rank	EleutherAI/pythia-160m-deduped	3	16	3.0	0.03	0.2	1.0	23
by_model_layer_rank	EleutherAI/pythia-160m-deduped	3	32	3.0	0.03	0.2	0.0	23
by_model_layer_rank	EleutherAI/pythia-160m-deduped	4	8	3.0	0.03	0.2	1.0	23
by_model_layer_rank	EleutherAI/pythia-160m-deduped	4	16	3.0	0.03	0.2	1.0	23
by_model_layer_rank	EleutherAI/pythia-160m-deduped	4	32	3.0	0.03	0.2	0.0	23
by_model_layer_rank	EleutherAI/pythia-70m-deduped	4	4	3.0	0.03	0.2	1.0	1
by_model_layer_rank	EleutherAI/pythia-70m-deduped	4	8	3.0	0.03	0.2	1.0	1
by_model_layer_rank	EleutherAI/pythia-70m-deduped	4	16	3.0	0.03	0.2	1.0	1
by_model_layer_rank	EleutherAI/pythia-70m-deduped	4	32	3.0	0.03	0.2	1.0	1
by_model_layer_rank	gpt2	4	4	3.0	0.03	0.2	0.0	1
by_model_layer_rank	gpt2	4	8	3.0	0.03	0.2	1.0	1
by_model_layer_rank	gpt2	4	16	3.0	0.03	0.2	1.0	1
by_model_layer_rank	gpt2	4	32	3.0	0.03	0.2	1.0	1
overall				3.0	0.03	0.2	0.6513157894736842	152
by_model_layer_rank	EleutherAI/pythia-14m-deduped	2	4	3.0	0.03	0.25	0.0	1
by_model_layer_rank	EleutherAI/pythia-14m-deduped	2	8	3.0	0.03	0.25	0.0	1
by_model_layer_rank	EleutherAI/pythia-14m-deduped	2	16	3.0	0.03	0.25	0.0	1
by_model_layer_rank	EleutherAI/pythia-14m-deduped	4	4	3.0	0.03	0.25	0.0	1
by_model_layer_rank	EleutherAI/pythia-14m-deduped	4	8	3.0	0.03	0.25	0.0	1
by_model_layer_rank	EleutherAI/pythia-14m-deduped	4	16	3.0	0.03	0.25	0.0	1
by_model_layer_rank	EleutherAI/pythia-160m-deduped	3	8	3.0	0.03	0.25	1.0	23
by_model_layer_rank	EleutherAI/pythia-160m-deduped	3	16	3.0	0.03	0.25	1.0	23
by_model_layer_rank	EleutherAI/pythia-160m-deduped	3	32	3.0	0.03	0.25	0.0	23
by_model_layer_rank	EleutherAI/pythia-160m-deduped	4	8	3.0	0.03	0.25	1.0	23
by_model_layer_rank	EleutherAI/pythia-160m-deduped	4	16	3.0	0.03	0.25	1.0	23
by_model_layer_rank	EleutherAI/pythia-160m-deduped	4	32	3.0	0.03	0.25	0.0	23
by_model_layer_rank	EleutherAI/pythia-70m-deduped	4	4	3.0	0.03	0.25	1.0	1
by_model_layer_rank	EleutherAI/pythia-70m-deduped	4	8	3.0	0.03	0.25	1.0	1
by_model_layer_rank	EleutherAI/pythia-70m-deduped	4	16	3.0	0.03	0.25	1.0	1
by_model_layer_rank	EleutherAI/pythia-70m-deduped	4	32	3.0	0.03	0.25	1.0	1
by_model_layer_rank	gpt2	4	4	3.0	0.03	0.25	0.0	1
by_model_layer_rank	gpt2	4	8	3.0	0.03	0.25	1.0	1
by_model_layer_rank	gpt2	4	16	3.0	0.03	0.25	1.0	1
by_model_layer_rank	gpt2	4	32	3.0	0.03	0.25	0.0	1
overall				3.0	0.03	0.25	0.6447368421052632	152
by_model_layer_rank	EleutherAI/pythia-14m-deduped	2	4	3.0	0.03	0.3	0.0	1
by_model_layer_rank	EleutherAI/pythia-14m-deduped	2	8	3.0	0.03	0.3	0.0	1
by_model_layer_rank	EleutherAI/pythia-14m-deduped	2	16	3.0	0.03	0.3	0.0	1
by_model_layer_rank	EleutherAI/pythia-14m-deduped	4	4	3.0	0.03	0.3	0.0	1
by_model_layer_rank	EleutherAI/pythia-14m-deduped	4	8	3.0	0.03	0.3	0.0	1
by_model_layer_rank	EleutherAI/pythia-14m-deduped	4	16	3.0	0.03	0.3	0.0	1
by_model_layer_rank	EleutherAI/pythia-160m-deduped	3	8	3.0	0.03	0.3	1.0	23
by_model_layer_rank	EleutherAI/pythia-160m-deduped	3	16	3.0	0.03	0.3	1.0	23
by_model_layer_rank	EleutherAI/pythia-160m-deduped	3	32	3.0	0.03	0.3	0.0	23
by_model_layer_rank	EleutherAI/pythia-160m-deduped	4	8	3.0	0.03	0.3	1.0	23
by_model_layer_rank	EleutherAI/pythia-160m-deduped	4	16	3.0	0.03	0.3	1.0	23
by_model_layer_rank	EleutherAI/pythia-160m-deduped	4	32	3.0	0.03	0.3	0.0	23
by_model_layer_rank	EleutherAI/pythia-70m-deduped	4	4	3.0	0.03	0.3	1.0	1
by_model_layer_rank	EleutherAI/pythia-70m-deduped	4	8	3.0	0.03	0.3	1.0	1
by_model_layer_rank	EleutherAI/pythia-70m-deduped	4	16	3.0	0.03	0.3	1.0	1
by_model_layer_rank	EleutherAI/pythia-70m-deduped	4	32	3.0	0.03	0.3	1.0	1
by_model_layer_rank	gpt2	4	4	3.0	0.03	0.3	0.0	1
by_model_layer_rank	gpt2	4	8	3.0	0.03	0.3	1.0	1
by_model_layer_rank	gpt2	4	16	3.0	0.03	0.3	1.0	1
by_model_layer_rank	gpt2	4	32	3.0	0.03	0.3	0.0	1
overall				3.0	0.03	0.3	0.6447368421052632	152
by_model_layer_rank	EleutherAI/pythia-14m-deduped	2	4	3.0	0.05	0.2	0.0	1
by_model_layer_rank	EleutherAI/pythia-14m-deduped	2	8	3.0	0.05	0.2	0.0	1
by_model_layer_rank	EleutherAI/pythia-14m-deduped	2	16	3.0	0.05	0.2	0.0	1
by_model_layer_rank	EleutherAI/pythia-14m-deduped	4	4	3.0	0.05	0.2	0.0	1
by_model_layer_rank	EleutherAI/pythia-14m-deduped	4	8	3.0	0.05	0.2	0.0	1
by_model_layer_rank	EleutherAI/pythia-14m-deduped	4	16	3.0	0.05	0.2	0.0	1
by_model_layer_rank	EleutherAI/pythia-160m-deduped	3	8	3.0	0.05	0.2	1.0	23
by_model_layer_rank	EleutherAI/pythia-160m-deduped	3	16	3.0	0.05	0.2	1.0	23
by_model_layer_rank	EleutherAI/pythia-160m-deduped	3	32	3.0	0.05	0.2	0.0	23
by_model_layer_rank	EleutherAI/pythia-160m-deduped	4	8	3.0	0.05	0.2	1.0	23
by_model_layer_rank	EleutherAI/pythia-160m-deduped	4	16	3.0	0.05	0.2	1.0	23
by_model_layer_rank	EleutherAI/pythia-160m-deduped	4	32	3.0	0.05	0.2	0.0	23
by_model_layer_rank	EleutherAI/pythia-70m-deduped	4	4	3.0	0.05	0.2	1.0	1
by_model_layer_rank	EleutherAI/pythia-70m-deduped	4	8	3.0	0.05	0.2	1.0	1
by_model_layer_rank	EleutherAI/pythia-70m-deduped	4	16	3.0	0.05	0.2	1.0	1
by_model_layer_rank	EleutherAI/pythia-70m-deduped	4	32	3.0	0.05	0.2	1.0	1
by_model_layer_rank	gpt2	4	4	3.0	0.05	0.2	0.0	1
by_model_layer_rank	gpt2	4	8	3.0	0.05	0.2	0.0	1
by_model_layer_rank	gpt2	4	16	3.0	0.05	0.2	1.0	1
by_model_layer_rank	gpt2	4	32	3.0	0.05	0.2	1.0	1
overall				3.0	0.05	0.2	0.6447368421052632	152
by_model_layer_rank	EleutherAI/pythia-14m-deduped	2	4	3.0	0.05	0.25	0.0	1
by_model_layer_rank	EleutherAI/pythia-14m-deduped	2	8	3.0	0.05	0.25	0.0	1
by_model_layer_rank	EleutherAI/pythia-14m-deduped	2	16	3.0	0.05	0.25	0.0	1
by_model_layer_rank	EleutherAI/pythia-14m-deduped	4	4	3.0	0.05	0.25	0.0	1
by_model_layer_rank	EleutherAI/pythia-14m-deduped	4	8	3.0	0.05	0.25	0.0	1
by_model_layer_rank	EleutherAI/pythia-14m-deduped	4	16	3.0	0.05	0.25	0.0	1
by_model_layer_rank	EleutherAI/pythia-160m-deduped	3	8	3.0	0.05	0.25	1.0	23
by_model_layer_rank	EleutherAI/pythia-160m-deduped	3	16	3.0	0.05	0.25	1.0	23
by_model_layer_rank	EleutherAI/pythia-160m-deduped	3	32	3.0	0.05	0.25	0.0	23
by_model_layer_rank	EleutherAI/pythia-160m-deduped	4	8	3.0	0.05	0.25	1.0	23
by_model_layer_rank	EleutherAI/pythia-160m-deduped	4	16	3.0	0.05	0.25	1.0	23
by_model_layer_rank	EleutherAI/pythia-160m-deduped	4	32	3.0	0.05	0.25	0.0	23
by_model_layer_rank	EleutherAI/pythia-70m-deduped	4	4	3.0	0.05	0.25	1.0	1
by_model_layer_rank	EleutherAI/pythia-70m-deduped	4	8	3.0	0.05	0.25	1.0	1
by_model_layer_rank	EleutherAI/pythia-70m-deduped	4	16	3.0	0.05	0.25	1.0	1
by_model_layer_rank	EleutherAI/pythia-70m-deduped	4	32	3.0	0.05	0.25	1.0	1
by_model_layer_rank	gpt2	4	4	3.0	0.05	0.25	0.0	1
by_model_layer_rank	gpt2	4	8	3.0	0.05	0.25	0.0	1
by_model_layer_rank	gpt2	4	16	3.0	0.05	0.25	1.0	1
by_model_layer_rank	gpt2	4	32	3.0	0.05	0.25	0.0	1
overall				3.0	0.05	0.25	0.6381578947368421	152
by_model_layer_rank	EleutherAI/pythia-14m-deduped	2	4	3.0	0.05	0.3	0.0	1
by_model_layer_rank	EleutherAI/pythia-14m-deduped	2	8	3.0	0.05	0.3	0.0	1
by_model_layer_rank	EleutherAI/pythia-14m-deduped	2	16	3.0	0.05	0.3	0.0	1
by_model_layer_rank	EleutherAI/pythia-14m-deduped	4	4	3.0	0.05	0.3	0.0	1
by_model_layer_rank	EleutherAI/pythia-14m-deduped	4	8	3.0	0.05	0.3	0.0	1
by_model_layer_rank	EleutherAI/pythia-14m-deduped	4	16	3.0	0.05	0.3	0.0	1
by_model_layer_rank	EleutherAI/pythia-160m-deduped	3	8	3.0	0.05	0.3	1.0	23
by_model_layer_rank	EleutherAI/pythia-160m-deduped	3	16	3.0	0.05	0.3	1.0	23
by_model_layer_rank	EleutherAI/pythia-160m-deduped	3	32	3.0	0.05	0.3	0.0	23
by_model_layer_rank	EleutherAI/pythia-160m-deduped	4	8	3.0	0.05	0.3	1.0	23
by_model_layer_rank	EleutherAI/pythia-160m-deduped	4	16	3.0	0.05	0.3	1.0	23
by_model_layer_rank	EleutherAI/pythia-160m-deduped	4	32	3.0	0.05	0.3	0.0	23
by_model_layer_rank	EleutherAI/pythia-70m-deduped	4	4	3.0	0.05	0.3	1.0	1
by_model_layer_rank	EleutherAI/pythia-70m-deduped	4	8	3.0	0.05	0.3	1.0	1
by_model_layer_rank	EleutherAI/pythia-70m-deduped	4	16	3.0	0.05	0.3	1.0	1
by_model_layer_rank	EleutherAI/pythia-70m-deduped	4	32	3.0	0.05	0.3	1.0	1
by_model_layer_rank	gpt2	4	4	3.0	0.05	0.3	0.0	1
by_model_layer_rank	gpt2	4	8	3.0	0.05	0.3	0.0	1
by_model_layer_rank	gpt2	4	16	3.0	0.05	0.3	1.0	1
by_model_layer_rank	gpt2	4	32	3.0	0.05	0.3	0.0	1
overall				3.0	0.05	0.3	0.6381578947368421	152
by_model_layer_rank	EleutherAI/pythia-14m-deduped	2	4	3.0	0.07	0.2	0.0	1
by_model_layer_rank	EleutherAI/pythia-14m-deduped	2	8	3.0	0.07	0.2	0.0	1
by_model_layer_rank	EleutherAI/pythia-14m-deduped	2	16	3.0	0.07	0.2	0.0	1
by_model_layer_rank	EleutherAI/pythia-14m-deduped	4	4	3.0	0.07	0.2	0.0	1
by_model_layer_rank	EleutherAI/pythia-14m-deduped	4	8	3.0	0.07	0.2	0.0	1
by_model_layer_rank	EleutherAI/pythia-14m-deduped	4	16	3.0	0.07	0.2	0.0	1
by_model_layer_rank	EleutherAI/pythia-160m-deduped	3	8	3.0	0.07	0.2	1.0	23
by_model_layer_rank	EleutherAI/pythia-160m-deduped	3	16	3.0	0.07	0.2	0.8260869565217391	23
by_model_layer_rank	EleutherAI/pythia-160m-deduped	3	32	3.0	0.07	0.2	0.0	23
by_model_layer_rank	EleutherAI/pythia-160m-deduped	4	8	3.0	0.07	0.2	1.0	23
by_model_layer_rank	EleutherAI/pythia-160m-deduped	4	16	3.0	0.07	0.2	0.2608695652173913	23
by_model_layer_rank	EleutherAI/pythia-160m-deduped	4	32	3.0	0.07	0.2	0.0	23
by_model_layer_rank	EleutherAI/pythia-70m-deduped	4	4	3.0	0.07	0.2	1.0	1
by_model_layer_rank	EleutherAI/pythia-70m-deduped	4	8	3.0	0.07	0.2	1.0	1
by_model_layer_rank	EleutherAI/pythia-70m-deduped	4	16	3.0	0.07	0.2	1.0	1
by_model_layer_rank	EleutherAI/pythia-70m-deduped	4	32	3.0	0.07	0.2	1.0	1
by_model_layer_rank	gpt2	4	4	3.0	0.07	0.2	0.0	1
by_model_layer_rank	gpt2	4	8	3.0	0.07	0.2	0.0	1
by_model_layer_rank	gpt2	4	16	3.0	0.07	0.2	1.0	1
by_model_layer_rank	gpt2	4	32	3.0	0.07	0.2	1.0	1
overall				3.0	0.07	0.2	0.506578947368421	152
by_model_layer_rank	EleutherAI/pythia-14m-deduped	2	4	3.0	0.07	0.25	0.0	1
by_model_layer_rank	EleutherAI/pythia-14m-deduped	2	8	3.0	0.07	0.25	0.0	1
by_model_layer_rank	EleutherAI/pythia-14m-deduped	2	16	3.0	0.07	0.25	0.0	1
by_model_layer_rank	EleutherAI/pythia-14m-deduped	4	4	3.0	0.07	0.25	0.0	1
by_model_layer_rank	EleutherAI/pythia-14m-deduped	4	8	3.0	0.07	0.25	0.0	1
by_model_layer_rank	EleutherAI/pythia-14m-deduped	4	16	3.0	0.07	0.25	0.0	1
by_model_layer_rank	EleutherAI/pythia-160m-deduped	3	8	3.0	0.07	0.25	1.0	23
by_model_layer_rank	EleutherAI/pythia-160m-deduped	3	16	3.0	0.07	0.25	0.8260869565217391	23
by_model_layer_rank	EleutherAI/pythia-160m-deduped	3	32	3.0	0.07	0.25	0.0	23
by_model_layer_rank	EleutherAI/pythia-160m-deduped	4	8	3.0	0.07	0.25	1.0	23
by_model_layer_rank	EleutherAI/pythia-160m-deduped	4	16	3.0	0.07	0.25	0.2608695652173913	23
by_model_layer_rank	EleutherAI/pythia-160m-deduped	4	32	3.0	0.07	0.25	0.0	23
by_model_layer_rank	EleutherAI/pythia-70m-deduped	4	4	3.0	0.07	0.25	1.0	1
by_model_layer_rank	EleutherAI/pythia-70m-deduped	4	8	3.0	0.07	0.25	1.0	1
by_model_layer_rank	EleutherAI/pythia-70m-deduped	4	16	3.0	0.07	0.25	1.0	1
by_model_layer_rank	EleutherAI/pythia-70m-deduped	4	32	3.0	0.07	0.25	1.0	1
by_model_layer_rank	gpt2	4	4	3.0	0.07	0.25	0.0	1
by_model_layer_rank	gpt2	4	8	3.0	0.07	0.25	0.0	1
by_model_layer_rank	gpt2	4	16	3.0	0.07	0.25	1.0	1
by_model_layer_rank	gpt2	4	32	3.0	0.07	0.25	0.0	1
overall				3.0	0.07	0.25	0.5	152
by_model_layer_rank	EleutherAI/pythia-14m-deduped	2	4	3.0	0.07	0.3	0.0	1
by_model_layer_rank	EleutherAI/pythia-14m-deduped	2	8	3.0	0.07	0.3	0.0	1
by_model_layer_rank	EleutherAI/pythia-14m-deduped	2	16	3.0	0.07	0.3	0.0	1
by_model_layer_rank	EleutherAI/pythia-14m-deduped	4	4	3.0	0.07	0.3	0.0	1
by_model_layer_rank	EleutherAI/pythia-14m-deduped	4	8	3.0	0.07	0.3	0.0	1
by_model_layer_rank	EleutherAI/pythia-14m-deduped	4	16	3.0	0.07	0.3	0.0	1
by_model_layer_rank	EleutherAI/pythia-160m-deduped	3	8	3.0	0.07	0.3	1.0	23
by_model_layer_rank	EleutherAI/pythia-160m-deduped	3	16	3.0	0.07	0.3	0.8260869565217391	23
by_model_layer_rank	EleutherAI/pythia-160m-deduped	3	32	3.0	0.07	0.3	0.0	23
by_model_layer_rank	EleutherAI/pythia-160m-deduped	4	8	3.0	0.07	0.3	1.0	23
by_model_layer_rank	EleutherAI/pythia-160m-deduped	4	16	3.0	0.07	0.3	0.2608695652173913	23
by_model_layer_rank	EleutherAI/pythia-160m-deduped	4	32	3.0	0.07	0.3	0.0	23
by_model_layer_rank	EleutherAI/pythia-70m-deduped	4	4	3.0	0.07	0.3	1.0	1
by_model_layer_rank	EleutherAI/pythia-70m-deduped	4	8	3.0	0.07	0.3	1.0	1
by_model_layer_rank	EleutherAI/pythia-70m-deduped	4	16	3.0	0.07	0.3	1.0	1
by_model_layer_rank	EleutherAI/pythia-70m-deduped	4	32	3.0	0.07	0.3	1.0	1
by_model_layer_rank	gpt2	4	4	3.0	0.07	0.3	0.0	1
by_model_layer_rank	gpt2	4	8	3.0	0.07	0.3	0.0	1
by_model_layer_rank	gpt2	4	16	3.0	0.07	0.3	1.0	1
by_model_layer_rank	gpt2	4	32	3.0	0.07	0.3	0.0	1
overall				3.0	0.07	0.3	0.5	152
by_model_layer_rank	EleutherAI/pythia-14m-deduped	2	4	3.5	0.03	0.2	0.0	1
by_model_layer_rank	EleutherAI/pythia-14m-deduped	2	8	3.5	0.03	0.2	0.0	1
by_model_layer_rank	EleutherAI/pythia-14m-deduped	2	16	3.5	0.03	0.2	0.0	1
by_model_layer_rank	EleutherAI/pythia-14m-deduped	4	4	3.5	0.03	0.2	0.0	1
by_model_layer_rank	EleutherAI/pythia-14m-deduped	4	8	3.5	0.03	0.2	0.0	1
by_model_layer_rank	EleutherAI/pythia-14m-deduped	4	16	3.5	0.03	0.2	0.0	1
by_model_layer_rank	EleutherAI/pythia-160m-deduped	3	8	3.5	0.03	0.2	1.0	23
by_model_layer_rank	EleutherAI/pythia-160m-deduped	3	16	3.5	0.03	0.2	1.0	23
by_model_layer_rank	EleutherAI/pythia-160m-deduped	3	32	3.5	0.03	0.2	0.0	23
by_model_layer_rank	EleutherAI/pythia-160m-deduped	4	8	3.5	0.03	0.2	1.0	23
by_model_layer_rank	EleutherAI/pythia-160m-deduped	4	16	3.5	0.03	0.2	1.0	23
by_model_layer_rank	EleutherAI/pythia-160m-deduped	4	32	3.5	0.03	0.2	0.0	23
by_model_layer_rank	EleutherAI/pythia-70m-deduped	4	4	3.5	0.03	0.2	1.0	1
by_model_layer_rank	EleutherAI/pythia-70m-deduped	4	8	3.5	0.03	0.2	1.0	1
by_model_layer_rank	EleutherAI/pythia-70m-deduped	4	16	3.5	0.03	0.2	1.0	1
by_model_layer_rank	EleutherAI/pythia-70m-deduped	4	32	3.5	0.03	0.2	1.0	1
by_model_layer_rank	gpt2	4	4	3.5	0.03	0.2	0.0	1
by_model_layer_rank	gpt2	4	8	3.5	0.03	0.2	1.0	1
by_model_layer_rank	gpt2	4	16	3.5	0.03	0.2	1.0	1
by_model_layer_rank	gpt2	4	32	3.5	0.03	0.2	0.0	1
overall				3.5	0.03	0.2	0.6447368421052632	152
by_model_layer_rank	EleutherAI/pythia-14m-deduped	2	4	3.5	0.03	0.25	0.0	1
by_model_layer_rank	EleutherAI/pythia-14m-deduped	2	8	3.5	0.03	0.25	0.0	1
by_model_layer_rank	EleutherAI/pythia-14m-deduped	2	16	3.5	0.03	0.25	0.0	1
by_model_layer_rank	EleutherAI/pythia-14m-deduped	4	4	3.5	0.03	0.25	0.0	1
by_model_layer_rank	EleutherAI/pythia-14m-deduped	4	8	3.5	0.03	0.25	0.0	1
by_model_layer_rank	EleutherAI/pythia-14m-deduped	4	16	3.5	0.03	0.25	0.0	1
by_model_layer_rank	EleutherAI/pythia-160m-deduped	3	8	3.5	0.03	0.25	1.0	23
by_model_layer_rank	EleutherAI/pythia-160m-deduped	3	16	3.5	0.03	0.25	1.0	23
by_model_layer_rank	EleutherAI/pythia-160m-deduped	3	32	3.5	0.03	0.25	0.0	23
by_model_layer_rank	EleutherAI/pythia-160m-deduped	4	8	3.5	0.03	0.25	1.0	23
by_model_layer_rank	EleutherAI/pythia-160m-deduped	4	16	3.5	0.03	0.25	1.0	23
by_model_layer_rank	EleutherAI/pythia-160m-deduped	4	32	3.5	0.03	0.25	0.0	23
by_model_layer_rank	EleutherAI/pythia-70m-deduped	4	4	3.5	0.03	0.25	1.0	1
by_model_layer_rank	EleutherAI/pythia-70m-deduped	4	8	3.5	0.03	0.25	1.0	1
by_model_layer_rank	EleutherAI/pythia-70m-deduped	4	16	3.5	0.03	0.25	1.0	1
by_model_layer_rank	EleutherAI/pythia-70m-deduped	4	32	3.5	0.03	0.25	1.0	1
by_model_layer_rank	gpt2	4	4	3.5	0.03	0.25	0.0	1
by_model_layer_rank	gpt2	4	8	3.5	0.03	0.25	1.0	1
by_model_layer_rank	gpt2	4	16	3.5	0.03	0.25	1.0	1
by_model_layer_rank	gpt2	4	32	3.5	0.03	0.25	0.0	1
overall				3.5	0.03	0.25	0.6447368421052632	152
by_model_layer_rank	EleutherAI/pythia-14m-deduped	2	4	3.5	0.03	0.3	0.0	1
by_model_layer_rank	EleutherAI/pythia-14m-deduped	2	8	3.5	0.03	0.3	0.0	1
by_model_layer_rank	EleutherAI/pythia-14m-deduped	2	16	3.5	0.03	0.3	0.0	1
by_model_layer_rank	EleutherAI/pythia-14m-deduped	4	4	3.5	0.03	0.3	0.0	1
by_model_layer_rank	EleutherAI/pythia-14m-deduped	4	8	3.5	0.03	0.3	0.0	1
by_model_layer_rank	EleutherAI/pythia-14m-deduped	4	16	3.5	0.03	0.3	0.0	1
by_model_layer_rank	EleutherAI/pythia-160m-deduped	3	8	3.5	0.03	0.3	1.0	23
by_model_layer_rank	EleutherAI/pythia-160m-deduped	3	16	3.5	0.03	0.3	1.0	23
by_model_layer_rank	EleutherAI/pythia-160m-deduped	3	32	3.5	0.03	0.3	0.0	23
by_model_layer_rank	EleutherAI/pythia-160m-deduped	4	8	3.5	0.03	0.3	1.0	23
by_model_layer_rank	EleutherAI/pythia-160m-deduped	4	16	3.5	0.03	0.3	1.0	23
by_model_layer_rank	EleutherAI/pythia-160m-deduped	4	32	3.5	0.03	0.3	0.0	23
by_model_layer_rank	EleutherAI/pythia-70m-deduped	4	4	3.5	0.03	0.3	1.0	1
by_model_layer_rank	EleutherAI/pythia-70m-deduped	4	8	3.5	0.03	0.3	1.0	1
by_model_layer_rank	EleutherAI/pythia-70m-deduped	4	16	3.5	0.03	0.3	1.0	1
by_model_layer_rank	EleutherAI/pythia-70m-deduped	4	32	3.5	0.03	0.3	1.0	1
by_model_layer_rank	gpt2	4	4	3.5	0.03	0.3	0.0	1
by_model_layer_rank	gpt2	4	8	3.5	0.03	0.3	1.0	1
by_model_layer_rank	gpt2	4	16	3.5	0.03	0.3	1.0	1
by_model_layer_rank	gpt2	4	32	3.5	0.03	0.3	0.0	1
overall				3.5	0.03	0.3	0.6447368421052632	152
by_model_layer_rank	EleutherAI/pythia-14m-deduped	2	4	3.5	0.05	0.2	0.0	1
by_model_layer_rank	EleutherAI/pythia-14m-deduped	2	8	3.5	0.05	0.2	0.0	1
by_model_layer_rank	EleutherAI/pythia-14m-deduped	2	16	3.5	0.05	0.2	0.0	1
by_model_layer_rank	EleutherAI/pythia-14m-deduped	4	4	3.5	0.05	0.2	0.0	1
by_model_layer_rank	EleutherAI/pythia-14m-deduped	4	8	3.5	0.05	0.2	0.0	1
by_model_layer_rank	EleutherAI/pythia-14m-deduped	4	16	3.5	0.05	0.2	0.0	1
by_model_layer_rank	EleutherAI/pythia-160m-deduped	3	8	3.5	0.05	0.2	1.0	23
by_model_layer_rank	EleutherAI/pythia-160m-deduped	3	16	3.5	0.05	0.2	1.0	23
by_model_layer_rank	EleutherAI/pythia-160m-deduped	3	32	3.5	0.05	0.2	0.0	23
by_model_layer_rank	EleutherAI/pythia-160m-deduped	4	8	3.5	0.05	0.2	1.0	23
by_model_layer_rank	EleutherAI/pythia-160m-deduped	4	16	3.5	0.05	0.2	1.0	23
by_model_layer_rank	EleutherAI/pythia-160m-deduped	4	32	3.5	0.05	0.2	0.0	23
by_model_layer_rank	EleutherAI/pythia-70m-deduped	4	4	3.5	0.05	0.2	1.0	1
by_model_layer_rank	EleutherAI/pythia-70m-deduped	4	8	3.5	0.05	0.2	1.0	1
by_model_layer_rank	EleutherAI/pythia-70m-deduped	4	16	3.5	0.05	0.2	1.0	1
by_model_layer_rank	EleutherAI/pythia-70m-deduped	4	32	3.5	0.05	0.2	1.0	1
by_model_layer_rank	gpt2	4	4	3.5	0.05	0.2	0.0	1
by_model_layer_rank	gpt2	4	8	3.5	0.05	0.2	0.0	1
by_model_layer_rank	gpt2	4	16	3.5	0.05	0.2	1.0	1
by_model_layer_rank	gpt2	4	32	3.5	0.05	0.2	0.0	1
overall				3.5	0.05	0.2	0.6381578947368421	152
by_model_layer_rank	EleutherAI/pythia-14m-deduped	2	4	3.5	0.05	0.25	0.0	1
by_model_layer_rank	EleutherAI/pythia-14m-deduped	2	8	3.5	0.05	0.25	0.0	1
by_model_layer_rank	EleutherAI/pythia-14m-deduped	2	16	3.5	0.05	0.25	0.0	1
by_model_layer_rank	EleutherAI/pythia-14m-deduped	4	4	3.5	0.05	0.25	0.0	1
by_model_layer_rank	EleutherAI/pythia-14m-deduped	4	8	3.5	0.05	0.25	0.0	1
by_model_layer_rank	EleutherAI/pythia-14m-deduped	4	16	3.5	0.05	0.25	0.0	1
by_model_layer_rank	EleutherAI/pythia-160m-deduped	3	8	3.5	0.05	0.25	1.0	23
by_model_layer_rank	EleutherAI/pythia-160m-deduped	3	16	3.5	0.05	0.25	1.0	23
by_model_layer_rank	EleutherAI/pythia-160m-deduped	3	32	3.5	0.05	0.25	0.0	23
by_model_layer_rank	EleutherAI/pythia-160m-deduped	4	8	3.5	0.05	0.25	1.0	23
by_model_layer_rank	EleutherAI/pythia-160m-deduped	4	16	3.5	0.05	0.25	1.0	23
by_model_layer_rank	EleutherAI/pythia-160m-deduped	4	32	3.5	0.05	0.25	0.0	23
by_model_layer_rank	EleutherAI/pythia-70m-deduped	4	4	3.5	0.05	0.25	1.0	1
by_model_layer_rank	EleutherAI/pythia-70m-deduped	4	8	3.5	0.05	0.25	1.0	1
by_model_layer_rank	EleutherAI/pythia-70m-deduped	4	16	3.5	0.05	0.25	1.0	1
by_model_layer_rank	EleutherAI/pythia-70m-deduped	4	32	3.5	0.05	0.25	1.0	1
by_model_layer_rank	gpt2	4	4	3.5	0.05	0.25	0.0	1
by_model_layer_rank	gpt2	4	8	3.5	0.05	0.25	0.0	1
by_model_layer_rank	gpt2	4	16	3.5	0.05	0.25	1.0	1
by_model_layer_rank	gpt2	4	32	3.5	0.05	0.25	0.0	1
overall				3.5	0.05	0.25	0.6381578947368421	152
by_model_layer_rank	EleutherAI/pythia-14m-deduped	2	4	3.5	0.05	0.3	0.0	1
by_model_layer_rank	EleutherAI/pythia-14m-deduped	2	8	3.5	0.05	0.3	0.0	1
by_model_layer_rank	EleutherAI/pythia-14m-deduped	2	16	3.5	0.05	0.3	0.0	1
by_model_layer_rank	EleutherAI/pythia-14m-deduped	4	4	3.5	0.05	0.3	0.0	1
by_model_layer_rank	EleutherAI/pythia-14m-deduped	4	8	3.5	0.05	0.3	0.0	1
by_model_layer_rank	EleutherAI/pythia-14m-deduped	4	16	3.5	0.05	0.3	0.0	1
by_model_layer_rank	EleutherAI/pythia-160m-deduped	3	8	3.5	0.05	0.3	1.0	23
by_model_layer_rank	EleutherAI/pythia-160m-deduped	3	16	3.5	0.05	0.3	1.0	23
by_model_layer_rank	EleutherAI/pythia-160m-deduped	3	32	3.5	0.05	0.3	0.0	23
by_model_layer_rank	EleutherAI/pythia-160m-deduped	4	8	3.5	0.05	0.3	1.0	23
by_model_layer_rank	EleutherAI/pythia-160m-deduped	4	16	3.5	0.05	0.3	1.0	23
by_model_layer_rank	EleutherAI/pythia-160m-deduped	4	32	3.5	0.05	0.3	0.0	23
by_model_layer_rank	EleutherAI/pythia-70m-deduped	4	4	3.5	0.05	0.3	1.0	1
by_model_layer_rank	EleutherAI/pythia-70m-deduped	4	8	3.5	0.05	0.3	1.0	1
by_model_layer_rank	EleutherAI/pythia-70m-deduped	4	16	3.5	0.05	0.3	1.0	1
by_model_layer_rank	EleutherAI/pythia-70m-deduped	4	32	3.5	0.05	0.3	1.0	1
by_model_layer_rank	gpt2	4	4	3.5	0.05	0.3	0.0	1
by_model_layer_rank	gpt2	4	8	3.5	0.05	0.3	0.0	1
by_model_layer_rank	gpt2	4	16	3.5	0.05	0.3	1.0	1
by_model_layer_rank	gpt2	4	32	3.5	0.05	0.3	0.0	1
overall				3.5	0.05	0.3	0.6381578947368421	152
by_model_layer_rank	EleutherAI/pythia-14m-deduped	2	4	3.5	0.07	0.2	0.0	1
by_model_layer_rank	EleutherAI/pythia-14m-deduped	2	8	3.5	0.07	0.2	0.0	1
by_model_layer_rank	EleutherAI/pythia-14m-deduped	2	16	3.5	0.07	0.2	0.0	1
by_model_layer_rank	EleutherAI/pythia-14m-deduped	4	4	3.5	0.07	0.2	0.0	1
by_model_layer_rank	EleutherAI/pythia-14m-deduped	4	8	3.5	0.07	0.2	0.0	1
by_model_layer_rank	EleutherAI/pythia-14m-deduped	4	16	3.5	0.07	0.2	0.0	1
by_model_layer_rank	EleutherAI/pythia-160m-deduped	3	8	3.5	0.07	0.2	1.0	23
by_model_layer_rank	EleutherAI/pythia-160m-deduped	3	16	3.5	0.07	0.2	0.8260869565217391	23
by_model_layer_rank	EleutherAI/pythia-160m-deduped	3	32	3.5	0.07	0.2	0.0	23
by_model_layer_rank	EleutherAI/pythia-160m-deduped	4	8	3.5	0.07	0.2	1.0	23
by_model_layer_rank	EleutherAI/pythia-160m-deduped	4	16	3.5	0.07	0.2	0.2608695652173913	23
by_model_layer_rank	EleutherAI/pythia-160m-deduped	4	32	3.5	0.07	0.2	0.0	23
by_model_layer_rank	EleutherAI/pythia-70m-deduped	4	4	3.5	0.07	0.2	1.0	1
by_model_layer_rank	EleutherAI/pythia-70m-deduped	4	8	3.5	0.07	0.2	1.0	1
by_model_layer_rank	EleutherAI/pythia-70m-deduped	4	16	3.5	0.07	0.2	1.0	1
by_model_layer_rank	EleutherAI/pythia-70m-deduped	4	32	3.5	0.07	0.2	1.0	1
by_model_layer_rank	gpt2	4	4	3.5	0.07	0.2	0.0	1
by_model_layer_rank	gpt2	4	8	3.5	0.07	0.2	0.0	1
by_model_layer_rank	gpt2	4	16	3.5	0.07	0.2	1.0	1
by_model_layer_rank	gpt2	4	32	3.5	0.07	0.2	0.0	1
overall				3.5	0.07	0.2	0.5	152
by_model_layer_rank	EleutherAI/pythia-14m-deduped	2	4	3.5	0.07	0.25	0.0	1
by_model_layer_rank	EleutherAI/pythia-14m-deduped	2	8	3.5	0.07	0.25	0.0	1
by_model_layer_rank	EleutherAI/pythia-14m-deduped	2	16	3.5	0.07	0.25	0.0	1
by_model_layer_rank	EleutherAI/pythia-14m-deduped	4	4	3.5	0.07	0.25	0.0	1
by_model_layer_rank	EleutherAI/pythia-14m-deduped	4	8	3.5	0.07	0.25	0.0	1
by_model_layer_rank	EleutherAI/pythia-14m-deduped	4	16	3.5	0.07	0.25	0.0	1
by_model_layer_rank	EleutherAI/pythia-160m-deduped	3	8	3.5	0.07	0.25	1.0	23
by_model_layer_rank	EleutherAI/pythia-160m-deduped	3	16	3.5	0.07	0.25	0.8260869565217391	23
by_model_layer_rank	EleutherAI/pythia-160m-deduped	3	32	3.5	0.07	0.25	0.0	23
by_model_layer_rank	EleutherAI/pythia-160m-deduped	4	8	3.5	0.07	0.25	1.0	23
by_model_layer_rank	EleutherAI/pythia-160m-deduped	4	16	3.5	0.07	0.25	0.2608695652173913	23
by_model_layer_rank	EleutherAI/pythia-160m-deduped	4	32	3.5	0.07	0.25	0.0	23
by_model_layer_rank	EleutherAI/pythia-70m-deduped	4	4	3.5	0.07	0.25	1.0	1
by_model_layer_rank	EleutherAI/pythia-70m-deduped	4	8	3.5	0.07	0.25	1.0	1
by_model_layer_rank	EleutherAI/pythia-70m-deduped	4	16	3.5	0.07	0.25	1.0	1
by_model_layer_rank	EleutherAI/pythia-70m-deduped	4	32	3.5	0.07	0.25	1.0	1
by_model_layer_rank	gpt2	4	4	3.5	0.07	0.25	0.0	1
by_model_layer_rank	gpt2	4	8	3.5	0.07	0.25	0.0	1
by_model_layer_rank	gpt2	4	16	3.5	0.07	0.25	1.0	1
by_model_layer_rank	gpt2	4	32	3.5	0.07	0.25	0.0	1
overall				3.5	0.07	0.25	0.5	152
by_model_layer_rank	EleutherAI/pythia-14m-deduped	2	4	3.5	0.07	0.3	0.0	1
by_model_layer_rank	EleutherAI/pythia-14m-deduped	2	8	3.5	0.07	0.3	0.0	1
by_model_layer_rank	EleutherAI/pythia-14m-deduped	2	16	3.5	0.07	0.3	0.0	1
by_model_layer_rank	EleutherAI/pythia-14m-deduped	4	4	3.5	0.07	0.3	0.0	1
by_model_layer_rank	EleutherAI/pythia-14m-deduped	4	8	3.5	0.07	0.3	0.0	1
by_model_layer_rank	EleutherAI/pythia-14m-deduped	4	16	3.5	0.07	0.3	0.0	1
by_model_layer_rank	EleutherAI/pythia-160m-deduped	3	8	3.5	0.07	0.3	1.0	23
by_model_layer_rank	EleutherAI/pythia-160m-deduped	3	16	3.5	0.07	0.3	0.8260869565217391	23
by_model_layer_rank	EleutherAI/pythia-160m-deduped	3	32	3.5	0.07	0.3	0.0	23
by_model_layer_rank	EleutherAI/pythia-160m-deduped	4	8	3.5	0.07	0.3	1.0	23
by_model_layer_rank	EleutherAI/pythia-160m-deduped	4	16	3.5	0.07	0.3	0.2608695652173913	23
by_model_layer_rank	EleutherAI/pythia-160m-deduped	4	32	3.5	0.07	0.3	0.0	23
by_model_layer_rank	EleutherAI/pythia-70m-deduped	4	4	3.5	0.07	0.3	1.0	1
by_model_layer_rank	EleutherAI/pythia-70m-deduped	4	8	3.5	0.07	0.3	1.0	1
by_model_layer_rank	EleutherAI/pythia-70m-deduped	4	16	3.5	0.07	0.3	1.0	1
by_model_layer_rank	EleutherAI/pythia-70m-deduped	4	32	3.5	0.07	0.3	1.0	1
by_model_layer_rank	gpt2	4	4	3.5	0.07	0.3	0.0	1
by_model_layer_rank	gpt2	4	8	3.5	0.07	0.3	0.0	1
by_model_layer_rank	gpt2	4	16	3.5	0.07	0.3	1.0	1
by_model_layer_rank	gpt2	4	32	3.5	0.07	0.3	0.0	1
overall				3.5	0.07	0.3	0.5	152
